rkpc,nrkpc,z0,z1,z2,z3,z4,z5,z6
0.0,0.0,12.908410493525784,12.11599969359307,11.86382229342078,11.333469456668617,11.041688705494433,10.517403091627111,10.145025389372767
0.1001,0.5624818578328793,10.59580255688613,10.451913785999675,10.443758810781526,10.577534310636604,10.430213759834686,10.201915770518575,9.824453889198551
0.2002,0.6689074273948091,10.299524733933804,10.218270213641489,10.199820981481027,10.32143893006836,10.256917287445177,10.029813787398044,9.652043186830241
0.3003,0.7402677558510908,10.108916655003107,10.057293239823526,10.03493312805531,10.133110787580023,10.095880384112595,9.926434041404447,9.586760548660635
0.4004,0.7954694719360731,9.965289678011981,9.920006919770403,9.901639204809094,9.990610090974155,9.947704696695018,9.840047737424172,9.488793185913321
0.500501,0.8411069807022763,9.84882931414788,9.813367466540239,9.79928677412549,9.895291020430014,9.864766111216532,9.76443617792844,9.445068398688962
0.600601,0.8803320487034149,9.750261488665924,9.734563821519664,9.706038062589009,9.789355768340403,9.786445462081913,9.661223750196397,9.410407712386956
0.700701,0.914920132761656,9.664450160792157,9.659653851834108,9.629624649256861,9.71605093435722,9.711829172923155,9.610062598962,9.384500370440248
0.800801,0.9459782511164856,9.588234729155774,9.593513131257197,9.56510487988913,9.656797492102852,9.645881861009805,9.549786495642334,9.361421839911367
0.900901,0.9742474264560247,9.519522176400875,9.525752078440627,9.507457825961207,9.60018195236734,9.584522329792648,9.468019265156789,9.302878333246168
1.001,1.00024990630465,9.45685319976744,9.465284682662123,9.451175245817874,9.54688427936137,9.518674480189684,9.380845936277215,9.268912459451402
1.1011,1.0243696215520257,9.399164722254987,9.40927695068494,9.403652340397658,9.485481488868903,9.450684736616854,9.330750531881217,9.22040883798223
1.2012,1.046896700112108,9.345657948077303,9.357950060755403,9.355388311982477,9.42530591723133,9.393925995364661,9.291331106933608,9.200839576049187
1.3013,1.0680568198185787,9.29571660346598,9.309742994396968,9.308878020127093,9.371479763922364,9.335213121523923,9.267127134164697,9.141703705918687
1.4014,1.08802914334596,9.248853235356593,9.273593839176346,9.26111052631546,9.320104711541635,9.285402004538543,9.233508825727608,9.110657059101083
1.5015,1.1069584864892967,9.204678785829277,9.230331382321696,9.22043500649925,9.275097038052097,9.23752112207099,9.182286214677658,9.075911784820178
1.6016,1.1249637156657586,9.16287195253066,9.188886330695047,9.185425973898951,9.232302213080231,9.191403506645672,9.13749654673033,9.03448006376969
1.7017,1.142143703034968,9.123171911925757,9.14947778394631,9.149132880931855,9.188531960874915,9.154947124263357,9.079137791263127,8.980266135283095
1.8018,1.1585816498079993,9.085358381400646,9.111890627208206,9.112531261722667,9.137341469798677,9.120662739294808,9.036505129347697,8.927834184081393
1.9019,1.174348289662021,9.049241300230577,9.075948236311755,9.075587086889142,9.097434329674265,9.077662198333687,8.991670339037235,8.852287807529455
2.002,1.1895043053582948,9.014659114548673,9.04149925268596,9.04170448192362,9.075565226193516,9.031044703645035,8.922842698563807,8.78969841821769
2.1021,1.2041021810480033,8.981480183947324,9.00840853579341,9.00981620899181,9.040139301565109,8.989626005808642,8.864887060003326,8.730178015024299
2.2022,1.2181876423423135,8.949580749829273,8.976565475007613,8.978141701789022,9.006166439186922,8.947373422333573,8.844616962519142,8.683023625350879
2.3023,1.2318007902569132,8.918857217881722,8.945865284057694,8.94712922080768,8.977659584649405,8.909596145073708,8.826689504766653,8.6549654512355
2.4024,1.2449770044461885,8.8892187404141,8.916221218066944,8.917048923276742,8.947401377017716,8.876002968762036,8.799738142542868,8.627703720962133
2.5025,1.2577476702246908,8.860582953848533,8.887555405586372,8.889517408668906,8.917119369354179,8.840264239224533,8.787742366948642,8.614537623165221
2.6026,1.270140769355433,8.8328785494463,8.86132767811079,8.861361719681678,8.887738219887217,8.805360817410236,8.777207795745232,8.614057330621163
2.7027,1.2821813643390825,8.80604015208462,8.840263596802615,8.83367929579417,8.85761047173188,8.770271606768443,8.760833951354966,8.613478172586088
2.8028,1.293891998597331,8.780011092138576,8.813002889581423,8.808006937627766,8.825197549921635,8.736105553442759,8.72642887256635,8.612785958276241
2.9029,1.305293029610583,8.754739636092847,8.786306976837533,8.780861482726404,8.797861421221288,8.702805219165189,8.701757037273461,8.590147157025905
3.003,1.3164029081457151,8.73017723899536,8.762185465425118,8.753722451942664,8.771594817530126,8.681126307849828,8.680813971027982,8.538269540736446
3.1031,1.3272384137877213,8.70628240281162,8.739451275702475,8.73065149620546,8.749998210437306,8.654988519693617,8.646035931916732,8.455211938150844
3.2032,1.3378148547896183,8.68301641669528,8.717245145429636,8.704527149431696,8.727404603559542,8.616925845885328,8.611863448894407,8.432752878183083
3.3033,1.3481462385826004,8.660343616740716,8.693162188941061,8.68016412640167,8.702942949691705,8.585709945278454,8.583853672268948,8.36178447942987
3.4034,1.3582454180047387,8.638230592019836,8.672514403399635,8.657918808567661,8.679034316575125,8.562416591011658,8.558216430498103,8.328240933298806
3.5035,1.3681242173124966,8.616648768600264,8.649073814082916,8.634646521336563,8.65565122974201,8.538150049875428,8.533135025985194,8.298460069461452
3.6036,1.3777935412632638,8.595571169735761,8.624806843810882,8.613262376183835,8.632766942055184,8.509991076391477,8.508582245900543,8.276330825106154
3.7037,1.3872634699465216,8.574970643381794,8.601075216038437,8.593490970218314,8.610357754806005,8.481793637354851,8.484531887096852,8.254555346707571
3.8038,1.3965433415573516,8.554825785206305,8.580087478128329,8.572221988016608,8.59200234703593,8.452871582207095,8.460959439078186,8.23311548179232
3.9039,1.405641824919914,8.53511426716517,8.562549795585968,8.55252100304704,8.566876858385498,8.42615488310212,8.433929765608463,8.211998370651722
4.004,1.4145669832584535,8.515815580787846,8.54531456003623,8.532222976815309,8.545765924532478,8.403403650664535,8.394581249365986,8.191191053069579
4.1041,1.4233263304629018,8.496911678421492,8.525598028315201,8.511343163707615,8.52504999261164,8.38502860319183,8.36462788962362,8.170684066753234
4.2042,1.43192688089258,8.478384636747354,8.504398824804438,8.490784118565168,8.504711380072077,8.360402175876654,8.35068209581348,8.1504616948453
4.3043,1.4403751935952116,8.460219561508648,8.484251446277986,8.469623213773483,8.484735316557787,8.326067400369611,8.322705035742162,8.12325039651654
4.4044,1.4486774116818695,8.442398233205033,8.46517757797878,8.449987245299111,8.465107623828763,8.301451057129615,8.291311118309128,8.106493471624367
4.5045,1.4568392974857862,8.424909378345898,8.44846514996852,8.430178293083037,8.445814307387174,8.277203396004195,8.255754786643042,8.089961601356476
4.6046,1.4648662640394956,8.407739206621919,8.431049980836244,8.412122738264088,8.426841342839616,8.253308922132556,8.220199667427242,8.072238865437441
4.7047,1.472763403326951,8.390875078514377,8.413936485917295,8.393280309342908,8.408348525362882,8.229756032006515,8.184648828129491,8.048597158401604
4.8048,1.4805355117021817,8.37430281361904,8.401681376448776,8.37593416370707,8.390590698631959,8.206531772594323,8.149098947386147,8.017313035082283
4.9049,1.4881871128113873,8.358014841247874,8.386436522535247,8.359112335973208,8.373132774549155,8.184407485412319,8.10889636816752,7.9863143829219805
5.005,1.4957224783092982,8.34199803333717,8.370936615281954,8.339983796455794,8.355455351556301,8.167154789565984,8.075521413906896,7.955593936421133
5.1051,1.5031456466216502,8.326245714983076,8.353514256225411,8.321704056593875,8.336391682377146,8.15014830893148,8.042469189807138,7.879953294835987
5.20521,1.5104611654294349,8.310744277898328,8.337870398407118,8.306251292169277,8.316917626124628,8.133385600908989,8.006932177211954,7.784263437409496
5.30531,1.517671195033644,8.295487930208314,8.323250053515434,8.28585200719305,8.296149416043686,8.116853376282762,7.978058550287363,7.76120742442854
5.40541,1.5247799064065295,8.280469100149382,8.307322730536855,8.268121423275936,8.275631503923304,8.10054629541317,7.956523330772938,7.74778689494237
5.50551,1.5317905606799387,8.265676122098839,8.291613016939879,8.251173244900041,8.255354530758819,8.075017456377484,7.935218500046128,7.734579027102049
5.60561,1.5387062570124717,8.251105041943909,8.2761123897801,8.236859587865418,8.235311245361682,8.048298050818715,7.914138371529308,7.721578160140465
5.70571,1.5455299433654734,8.236746317407446,8.260820019665905,8.223119392679612,8.215497466993309,8.028335335818387,7.893276145774576,7.708777707890154
5.80581,1.5522644263867262,8.222594206543706,8.245722341944893,8.209228049484674,8.195905184787776,8.010719628351767,7.871666882426569,7.6961693484237195
5.90591,1.5589123804897553,8.208642891108905,8.23082174362667,8.193461302145192,8.178205461658516,7.993349803910261,7.847293140192161,7.672367591152191
6.00601,1.565476356206665,8.194886038754268,8.217981103075502,8.177429739822283,8.163325421400176,7.976217441639531,7.823143491700457,7.597329830110496
6.10611,1.5719587878837005,8.181317544586685,8.203658299456245,8.162307457586722,8.148608823717987,7.95931574158074,7.799212999805847,7.571676229390636
6.20621,1.5783620007811339,8.16793141232109,8.188146330894503,8.148695179285063,8.134052706801592,7.9426374279896,7.7754953975159475,7.5577489440054775
6.30631,1.5846882176323862,8.15472212484179,8.173500945013354,8.132775002693178,8.119648424923785,7.9261761891078075,7.751985412895525,7.546185951383745
6.40641,1.590939564711468,8.141684912336522,8.160183285770627,8.116946282015448,8.105397764590242,7.909925471639123,7.7286791780090685,7.534849468693568
6.50651,1.5971180774526559,8.12881268567611,8.147032906559977,8.104524666601307,8.091294042758463,7.893879865222451,7.7055703789775825,7.517119328647465
6.60661,1.603225705661799,8.11610608994437,8.134043163515019,8.091079295576874,8.07733156112899,7.878033226730998,7.682654013163124,7.496288798588299
6.70671,1.6092643183546333,8.103557436942102,8.121008008685166,8.078398811577728,8.06350974353163,7.862380669143868,7.65844833474649,7.466593320509197
6.80681,1.6152357082539497,8.091160278296922,8.104476868397219,8.063629794182612,8.049822511955453,7.846916378858029,7.637384645554605,7.432348655870814
6.90691,1.6211415959742963,8.078913348506882,8.091220125385865,8.049051252594218,8.036269495742815,7.831635614287118,7.615022637346574,7.40063122750202
7.00701,1.6269836339201305,8.066813999304303,8.078362553595765,8.036987997806905,8.022844731297985,7.816533604450738,7.592836028925649,7.3707073406560255
7.10711,1.632763409920826,8.054854262273114,8.067018752468,8.025055869142038,8.009548622308193,7.801606059192671,7.57082303952521,7.339375905262784
7.20721,1.6384824506237439,8.043035943300902,8.053735153411358,8.010808597512206,7.996372885889054,7.786847921308696,7.548977498029615,7.2991236077893635
7.30731,1.6441422246645887,8.03135190128701,8.04255582502742,7.9978623618871785,7.98331951187681,7.7722556772047175,7.527297286957382,7.260453017607085
7.40741,1.649744145632503,8.019797328385032,8.031299371937026,7.9854152640207765,7.9685095471089555,7.75744310011941,7.505777894000121,7.225944747793024
7.50751,1.6552895748457777,8.008370190271023,8.020477300026736,7.972029159943196,7.949648554473037,7.729283880245164,7.484418008324515,7.191392322055601
7.60761,1.6607798239526188,7.997069941971791,8.008468160240138,7.956575630801353,7.93086707262586,7.701132609008264,7.4632119112881385,7.156800448501733
7.70771,1.6662161573701506,7.985891939144778,7.996585636012416,7.9432218635594705,7.912164132563606,7.683266832929499,7.44215824079909,7.1221634319989455
7.80781,1.6715997945736736,7.9748335132525074,7.984823342759831,7.930324909570681,7.893537623806972,7.673376679985006,7.4153957444301675,7.087490371389999
7.90791,1.6769319122471646,7.963890724064853,7.973180039724445,7.91758007366685,7.8749871374745295,7.663595400679026,7.385972499260596,7.052774715494707
8.00801,1.682213646305076,7.953062018953687,7.961654098176109,7.906775018887524,7.856510806517432,7.6539212827585565,7.356524913340358,7.018017737208952
8.10811,1.687446093794636,7.942344438895043,7.950241676447397,7.894651624921388,7.838107009418335,7.6443519188827125,7.327054310504278,6.983223374455101
8.20821,1.6926303146871016,7.931736462082684,7.93453529401263,7.8837772315766195,7.819776155191861,7.634885174284897,7.297561368229882,6.948389978863232
8.30831,1.6977673335657093,7.9212342826263065,7.920398848834213,7.873700661159288,7.801514842252332,7.625517200324085,7.268044135613034,6.913517689698029
8.40841,1.7028581412174555,7.910836143851119,7.910001861405834,7.861208119420473,7.7833238951625,7.581027552808378,7.238505258532677,6.878607382143809
8.50851,1.707903696135256,7.9005397195856775,7.9008279464074445,7.850034484508606,7.765201231993807,7.527846349811276,7.2089436220037735,6.843659385889768
8.60861,1.7129049259365248,7.890342760492402,7.890901975265798,7.839440939064986,7.7471467996452255,7.49285673306383,7.179362176789953,6.808674738140501
8.70871,1.717862728703732,7.880242920279958,7.878013672543342,7.8270428090991695,7.729158307637203,7.477235603877918,7.149754720113396,6.789543344310848
8.80881,1.7227779742520823,7.870239427536537,7.865261548142051,7.815780902806299,7.711235101560548,7.461732568543762,7.120129539110099,6.7722468725104035
8.90891,1.72765150532905,7.860328997113394,7.856701104311596,7.804800937614227,7.69337603087535,7.4463460727444675,7.090480258889635,6.7550954743681535
9.00901,1.7324841387501584,7.850510228874926,7.848222380826733,7.794684584916138,7.675581306871443,7.431304245651772,7.060811119791345,6.738084178287804
9.10911,1.7372766664750605,7.840780860255215,7.835544065912314,7.785191693158374,7.657848147612995,7.416798555112099,7.031121533131702,6.72121191469626
9.20921,1.7420298566276757,7.831139392222741,7.8223871335290855,7.7744578392618084,7.640177224930745,7.403588894583253,7.007534417897257,6.704474829145653
9.30931,1.7467444544638675,7.8215849223831455,7.8093266817530465,7.764872985671733,7.622567326518181,7.391231597227861,6.9770817468333455,6.687871267922635
9.40941,1.7514211832898914,7.812113518719394,7.798498028679542,7.755106160278586,7.6103588199934125,7.378980808868214,6.94635940253242,6.6713978026912555
9.50951,1.7560607453346138,7.802726531673926,7.788062260178737,7.745241135125561,7.599277037774472,7.366837440557803,6.91215241499169,6.655053873671517
9.60961,1.7606638225782867,7.793420168940784,7.7777073193745725,7.733727567183038,7.588290759343612,7.354795848044696,6.882360009932507,6.638835556058799
9.70971,1.7652310775404754,7.784193488342897,7.767432686971306,7.7235041067150245,7.57739987593342,7.342856758301524,6.852547694381515,6.616610980033796
9.80981,1.7697631540295446,7.775045096922085,7.756966837099143,7.712012943135261,7.56660127930632,7.331018117877959,6.822715834360092,6.589576550772192
9.90991,1.7742606778559566,7.765973124511781,7.746453594508604,7.703761537556671,7.5558945549658505,7.319276827398424,6.79277398052564,6.562596169733087
10.01,1.7787238132749206,7.756976717075072,7.734995737786113,7.695393232519945,7.545277420101361,7.307630798049346,6.762062313640856,6.535672538365701
10.1101,1.7831540438825348,7.748054616069029,7.725244985003857,7.68431832532763,7.534748059919396,7.296081351877239,6.733105740544609,6.513909787827381
10.2102,1.7875514978478322,7.739205135262221,7.7159473828559255,7.675280541922765,7.524306527453996,7.284622457913549,6.703197629191872,6.499112224183739
10.3103,1.7919167354707437,7.730426945266043,7.706295227586655,7.664450166811015,7.513948358146853,7.27325598345175,6.673270715958501,6.4844308198960725
10.4104,1.7962503021454506,7.721719131787499,7.697551891543181,7.653409349327783,7.503673584747157,7.261978567181696,6.64332533057169,6.4698647072356605
10.5105,1.800552728895945,7.713080415832876,7.687946111563659,7.6430112485105575,7.493480357683016,7.250788264482504,6.619303119349802,6.455411358960686
10.6106,1.804824532887448,7.7045082761607,7.67832987071773,7.632568635470015,7.483367598221954,7.23968729234674,6.603083718781444,6.441066406639262
10.7107,1.8090662179149881,7.696003217061226,7.669094561614171,7.623329937598959,7.473335122929679,7.22866721893236,6.586968551349235,6.426833203084141
10.8108,1.813278274870369,7.687563739051668,7.6609422787521115,7.614158709509174,7.463379292508287,7.217733920595976,6.570954857247997,6.412704087255449
10.9109,1.817461182188666,7.679188878029341,7.652845621280871,7.603649852710814,7.453500277437275,7.206882519444129,6.544929574014125,6.398681150891694
11.011,1.8216154062753307,7.670877347882465,7.644802810753063,7.59400560178834,7.44369628320646,7.19610983326526,6.503169429253463,6.384761885385756
11.1111,1.825741401914918,7.662627523789841,7.636814747926059,7.586514166023059,7.433966541566365,7.1854174862304685,6.461177264176023,6.370944024488542
11.2112,1.8298396126623753,7.654438387757375,7.628879150569188,7.5790801558989545,7.424308185405554,7.167394141945898,6.418953900076017,6.357225682580505
11.3113,1.8339104712177956,7.64631058310741,7.620994421851142,7.568594758737428,7.414722721158878,7.143698509930143,6.377628573221364,6.343607476796363
11.4114,1.8379543997854673,7.63824058962583,7.612027950562867,7.5593738988646155,7.399722165972205,7.119964833979974,6.359968215825904,6.330084883865644
11.5115,1.8419718104180114,7.630229498521151,7.603323035589831,7.550673429678481,7.383808187499914,7.0987025505676,6.342404913866346,6.316655863538378
11.6116,1.8459631053463523,7.622276208654572,7.593984586138763,7.542723374432436,7.367940799403799,7.0865306670298915,6.32493649169371,6.303323518189262
11.7117,1.849928677296216,7.614379337987156,7.586005230197642,7.534107369934726,7.3521168864306885,7.074432424783189,6.307560214621735,6.290081379019278
11.8118,1.8538689097918237,7.606537210164528,7.578081947271502,7.525228857036257,7.336339635820781,7.062412745615159,6.290275077106587,6.269919029787337
11.9119,1.8577841774473949,7.598751123110054,7.570959522628959,7.517096883362341,7.317298470579858,7.050460961350442,6.273082332801592,6.249007470547615
12.012,1.8616748462470543,7.591017834332948,7.564203122389316,7.504714108014977,7.304626223597713,7.038584399723998,6.255976456434342,6.228171857650534
12.1121,1.8655412738136894,7.583337091174602,7.557492765284041,7.490936998415371,7.289267794782828,7.026778328659527,6.22511535697073,6.207410835340767
12.2122,1.86938380966729,7.575709608786169,7.550695427130949,7.48196833684171,7.273663211202794,7.015041044085504,6.182771186796505,6.186727550552299
12.3123,1.8732027954732564,7.568133640136087,7.541934770589419,7.4745702592257,7.258100667083089,7.0033743540197495,6.140115051895714,6.1661191578259755
12.4124,1.8769985652811496,7.560608346691853,7.5332304409541075,7.466784607332178,7.242581178834488,6.991775243799729,6.113752889121712,6.145584828000285
12.5125,1.880771445754321,7.553132674925262,7.524144171218674,7.4595206460387535,7.227102210599855,6.980242963275218,6.097142732487105,6.125120016714904
12.6126,1.8845217563908436,7.545706582601901,7.5164401756310815,7.451244380242413,7.211665071048186,6.968776581771005,6.0806192726678345,6.104729456483477
12.7127,1.8882498097361384,7.538328620019779,7.509198488617491,7.444439855401794,7.196267402181109,6.954427768899061,6.064180850891833,6.084411822552601
12.8128,1.891955911587671,7.530998372676969,7.501798440447152,7.437544461797492,7.18091114028387,6.9388568229801075,6.047827608013508,6.064162118948699
12.9129,1.8956403611920734,7.5237152589011895,7.493413434182019,7.429450267699287,7.165591504164772,6.923337811963489,6.0315538780567035,6.043982816638904
13.013,1.8993034514350302,7.516479844110744,7.487144034000346,7.422927821165585,7.150630583648753,6.907869600611395,6.01536394742066,6.023873612059667
13.1131,1.9029454690242442,7.509288565964342,7.479887567472688,7.414284612418631,7.141054495342596,6.892451913429405,5.999257155789093,6.003830903158635
13.2132,1.9065666946657878,7.502142960210611,7.4726774795048465,7.406589567978539,7.131528845272287,6.877084409388289,5.983228791213614,5.983853972719312
13.3133,1.9101674032341254,7.495043152916439,7.465513714998761,7.398627386871446,7.122058520446808,6.8627942460763744,5.967279266994602,5.963944994623489
13.4134,1.9137478639360808,7.487986331129392,7.458393064554438,7.392014205296961,7.112638510618492,6.852326255460461,5.951407952345784,5.944102004179158
13.5135,1.9173083404690088,7.4809722465001975,7.451318127231603,7.386422266118175,7.103269928960037,6.841914811925843,5.935613559237918,5.924324264232606
13.6136,1.9208490911734153,7.474001978706758,7.444029173533431,7.377175068494761,7.093950222019724,6.831559453094091,5.919895157362997,5.9046106096514634
13.7137,1.9243703691802634,7.467073601986848,7.435348975105413,7.370551946761463,7.084679924330727,6.8212592967535945,5.904251797928623,5.884961236158192
13.8138,1.9278724225531845,7.460187965344202,7.426712909359135,7.361922280880518,7.075459363755785,6.811013679563467,5.888683163126979,5.865374065649832
13.9139,1.9313554944258073,7.453341277530132,7.41871052874015,7.352603097494923,7.0662886452657085,6.800822203304523,5.8731874442736665,5.845850578360219
14.014,1.9348198231344083,7.446537167073642,7.4130934671332165,7.345375691252097,7.057163826954661,6.790684081205906,5.857764766154236,5.826387770853107
14.1141,1.9382656423460707,7.439771504308749,7.407508173643516,7.338187466465779,7.048088164099313,6.780598828080454,5.84241326369411,5.806986740477669
14.2142,1.9416931811825406,7.433046207070704,7.4019568395695625,7.331036356817484,7.039057018033442,6.770564840705794,5.827132673229307,5.787646055015877
14.3143,1.945102664339948,7.426359963901812,7.395759597588795,7.322659570177886,7.030073230712517,6.760582298511411,5.8119220346871545,5.768365009161425
14.4144,1.9484943122045622,7.419711285846204,7.388552320703871,7.314926365309521,7.021135525948058,6.750651079188066,5.796781024841414,5.749143199235417
14.5145,1.9518683409647397,7.413101855099083,7.3813858660133755,7.3082441767406054,7.012242297774367,6.740769156783661,5.781707994488205,5.7299807555877775
14.6146,1.955224962719213,7.40652996162004,7.374256967198594,7.298525595321998,7.003391591005796,6.730937237869062,5.766702775739368,5.710876082391829
14.7147,1.958564385581866,7.399993701101243,7.367169488534679,7.290243913131265,6.994588556900486,6.721154145101497,5.751763949418987,5.691829143784431
14.8148,1.9618868137831313,7.393496233457221,7.360117966335639,7.283814388158048,6.985826900262138,6.711419142177213,5.73689187316964,5.67283922154458
14.9149,1.9651924477681426,7.387033701282363,7.35310610005517,7.2774716850428245,6.977108300058703,6.701732001697996,5.722084949919479,5.653904902523107
15.015,1.9684814842917655,7.380605546812866,7.346129901084839,7.269928360624436,6.9684325114273715,6.68788374275854,5.707342750626134,5.635027095488983
15.1151,1.9717541165106254,7.374214770713324,7.339190985294066,7.262308674749023,6.959798123146641,6.672947135346502,5.692664530156845,5.620126681610405
15.2152,1.9750105340722484,7.367857027591511,7.332288956084814,7.254809010414804,6.9512053643518525,6.658035258335747,5.678049233369379,5.607706948165106
15.3153,1.9782509232014243,7.3615351931364295,7.3254232941284245,7.247907012997656,6.942653802892541,6.643148563897025,5.663496447970745,5.595350697772946
15.4154,1.9814754667838923,7.355248405962548,7.318591266376838,7.241035685094299,6.934142284760325,6.628286731089513,5.649005604932314,5.583054741211997
15.5155,1.9846843444474553,7.348993734566407,7.311796229182405,7.234200811530522,6.925671447836317,6.61370866008935,5.63457600802907,5.570820706107798
15.6156,1.98787773264061,7.342771949990927,7.3050352084095165,7.227395597183835,6.917239705123014,6.603866152601432,5.620206869403359,5.558646181209352
15.7157,1.9910558047087925,7.336583800263286,7.298309322452479,7.220523869806598,6.908847315953194,6.594670940034688,5.605898427828703,5.546531559215896
15.8158,1.9942187309683204,7.330427979011124,7.291617455060187,7.2128585105207295,6.900493847676733,6.58552051138735,5.591648841067392,5.534475406448347
15.9159,1.997366678778117,7.324305095652099,7.2849583348416465,7.205745540942661,6.892178669510899,6.576413918552,5.577457330653357,5.522478141061085
16.016,2.0004998126093,7.318211554418164,7.278332817252713,7.198131767814325,6.8839015080883845,6.567351082884483,5.563324426345967,5.510538308079559
16.1161,2.003618294112705,7.3121519583590135,7.272477486716794,7.191336417147608,6.87566191140204,6.558331698586284,5.549248556854056,5.498655095245118
16.2162,2.0067222821844273,7.306122524583361,7.266906375589954,7.185134015284604,6.867459237953357,6.549355216877783,5.533182094832536,5.48682704311018
16.3163,2.0098119330294395,7.300121370352258,7.261362804516712,7.1786115260567165,6.859293246103829,6.540422081031079,5.51099381727205,5.475056350080895
16.4164,2.012887400223365,7.294155274655777,7.255851178715774,7.173020097126017,6.8511635276013285,6.5315300075054505,5.48882840696583,5.463340441902778
16.5165,2.0159488347724643,7.288215679388523,7.25036876229681,7.1669774475952535,6.843070120870074,6.522678923856209,5.466686750181281,5.451678999573241
16.6166,2.018996385171896,7.282307095510621,7.244915101980809,7.161098356450925,6.835275733149507,6.513868553697533,5.444567821321913,5.440071155889823
16.7167,2.0220301974623207,7.276427334989377,7.239489675978026,7.154213927099068,6.827634163590343,6.505099760117139,5.422473290169267,5.428517064164872
16.8168,2.0250504152848903,7.27057636315973,7.234091891836147,7.146100115849825,6.820027312566254,6.496370514506639,5.40040327677305,5.417014737849936
16.9169,2.0280571799346925,7.264754090338756,7.225371319363552,7.139520173127239,6.812455435741971,6.4876812577878145,5.3728255035063155,5.405564904053209
17.017,2.031050630412693,7.258960369545467,7.213825771046443,7.134677437718351,6.804917329120075,6.479032282658594,5.337075714778424,5.390033805895759
17.1171,2.0340309034762334,7.253194994201708,7.20754281395531,7.1277557519944015,6.797414358802542,6.47042078219243,5.30118414284555,5.36820876066702
17.2172,2.0369981336881207,7.24745769581481,7.201287854101758,7.120475216696524,6.789944352012921,6.461848042681922,5.2758248316137095,5.346399922667742
17.3173,2.0399524534643767,7.241748141642384,7.194431082563701,7.113696068137271,6.78250773896713,6.45331375240504,5.261312839529135,5.324603426418609
17.4174,2.042893993120668,7.236063410487,7.184816308007385,7.10782365539587,6.775104872416739,6.4448174024113545,5.246850502291966,5.302822100717671
17.5175,2.045822880917478,7.230408044679866,7.178453177304056,7.103126103562382,6.767734539694648,6.4363582741144265,5.232442095201804,5.281053830903494
17.6176,2.0487392431040514,7.224779015463108,7.173058001437669,7.096510278178474,6.760396093199773,6.427935426553744,5.218083645981217,5.259297559360888
17.7177,2.0516432039611576,7.219175709375333,7.16781928987713,7.091543860744159,6.753089505805531,6.419549336173941,5.202782469642271,5.237558817550591
17.8178,2.0545348858427097,7.213597436747357,7.162603234417702,7.085383351036358,6.745815428508301,6.411198673955553,5.18093690959421,5.2158331237300875
17.9179,2.0574144092162703,7.208046119166379,7.157411432314787,7.080709442230177,6.738572078801864,6.402885286159714,5.159112811110353,5.194120106666074
18.018,2.060281892702491,7.202521010520723,7.152245524506361,7.07361938589817,6.731360680557463,6.39460750854787,5.1373066275998625,5.172419017593947
18.1181,2.063137453113509,7.197021282770361,7.146128035678236,7.06712295337247,6.724179166856376,6.386363394574924,5.115523976950021,5.150731885414556
18.2182,2.0659812054903406,7.191546023456469,7.138937094163277,7.060550532897507,6.717028570873246,6.378156155158682,5.093764782337061,5.129061192369967
18.3183,2.068813263139297,7.1860942331827395,7.134333323454545,7.053838753737083,6.709908210005072,6.3699816929762125,5.0720255215978165,5.1073999319324805
18.4184,2.071633737667462,7.180670552957892,7.128405731385225,7.047936516138078,6.702818126370316,6.361843003195646,5.050302403962401,5.085754244209698
18.5185,2.074442739017252,7.175268215442558,7.122504219622199,7.042681809050033,6.695756525926703,6.353737400893873,5.028603782896058,5.064120905829621
18.6186,2.077240375500092,7.169891820723388,7.116630985425778,7.036401310139606,6.688724966840991,6.345663816876577,5.006927903017552,5.042500695523261
18.7187,2.080026753829231,7.164537243060305,7.110778200327523,7.0298665097049495,6.681723217656562,6.336423707927275,4.985270167873622,5.020895533945625
18.8188,2.0828019791517307,7.159206133646324,7.1049546138740345,7.023980475859887,6.674749109530644,6.325862385826719,4.963633421784139,4.999299338827763
18.9189,2.0855661550796407,7.153900191017924,7.09915212365681,7.019274187006492,6.667803982439481,6.315334173323462,4.9420165061719254,4.977718105142981
19.019,2.0883193837203966,7.148614992542259,7.093376151902265,7.013410283832239,6.660887287004485,6.3048393742679565,4.9242487890523385,4.9561492134802085
19.1191,2.091061765706459,7.14335522865412,7.087621721362842,7.007717913895641,6.653998357926087,6.294375830593411,4.910597727504634,4.934592890555877
19.2192,2.093793400224216,7.138116306359852,7.082505321616766,7.002338880892055,6.647137387370257,6.283945406592539,4.8969911180066745,4.913049440762969
19.3193,2.096514385042169,7.1329029679774925,7.077614964912093,6.9969868594804705,6.6403035087371824,6.273547560326288,4.883429190508263,4.891518510883754
19.4194,2.099224816538435,7.127707207040769,7.072749728837351,6.991655283280393,6.633496734299575,6.263179049813971,4.869910233053836,4.869999263632926
19.5195,2.101924789727566,7.122536973574679,7.067903664265047,6.98563660919146,6.626717003243047,6.252843325966833,4.856435225188118,4.848493314952335
19.6196,2.104614398286723,7.117387313034792,7.063074281524685,6.9792724144516365,6.619964177826721,6.242538943769069,4.843002806348071,4.826999428095786
19.7197,2.107293734581217,7.112259707424704,7.058270349061075,6.972985991702962,6.613238039469777,6.23226659442048,4.829613147695334,4.805517849002943
19.8198,2.109962889689431,7.10715567944442,7.053159145578766,6.9673537170359126,6.606538284763854,6.222024169154683,4.816265826784544,4.785774581062848
19.9199,2.1126219534271495,7.10206992607555,7.0479948485437856,6.961635103417478,6.599864521410687,6.211811763774912,4.80296040293935,4.769112822386602
20.02,2.115271014371307,7.097007284078048,7.0428471076368675,6.956248171919675,6.593216264083693,6.201629232290587,4.78969630961818,4.752488674413642
20.1201,2.1179101598831718,7.091962247763281,7.037143516700805,6.952494095995859,6.586592930211509,6.191476165926649,4.776473804131048,4.735899761687132
20.2202,2.120539476130985,7.086939689302521,7.031832451831844,6.946334832416915,6.579996120328759,6.1813547316193596,4.763291699415239,4.719348704516078
20.3203,2.123159048112068,7.08193748948817,7.026945709654902,6.939828639607354,6.573423989187518,6.171261202362293,4.750151086738356,4.7028327551521185
20.4204,2.125768959674413,7.076957039225178,7.0220817871879175,6.934345916397469,6.566876867804339,6.161200242313823,4.737050253199509,4.686352909438946
20.5205,2.128369293537772,7.071996086634827,7.016761820389089,6.930017328713305,6.560353849607986,6.151164454258782,4.723988976618778,4.669908858493782
20.6206,2.130960131314257,7.067052248342463,7.01106692842407,6.925707006397102,6.553855124146763,6.141158055326632,4.71096734362922,4.653500025581737
20.7207,2.1335415535284676,7.062130534622122,7.005395031886705,6.920016305450726,6.547382063530767,6.1311822261489235,4.697985653716702,4.637125345342217
20.8208,2.1361136396371574,7.057228546736614,6.999743690636977,6.913961063852899,6.540932312514207,6.121231455149621,4.685042723375553,4.6207864886461865
20.9209,2.1386764680484505,7.052347599224662,6.994114258518774,6.909226974680306,6.534505850673445,6.111312931918344,4.672138498951848,4.60448200848882
21.021,2.1412301161406235,7.0474851474283025,6.988506338959329,6.905457484416239,6.5281038865444545,6.101420543187382,4.659272366458618,4.5882122937450855
21.1211,2.1437746602804646,7.042638506164331,6.9829194763856055,6.900660383256197,6.521725030940183,6.09113563298066,4.646444891259239,4.571975363009453
21.2212,2.1463101758412155,7.03781280832107,6.977353611689351,6.894968122547358,6.515369080377389,6.078978527984841,4.633654237694782,4.555773778012168
21.3213,2.1488367372201185,7.0330093695989575,6.971808646099439,6.889297219443358,6.509035764264793,6.0668363407046835,4.620901920112882,4.539604230611826
21.4214,2.151354417855567,7.028221399029887,6.966283970231154,6.883647810014965,6.5027261066393205,6.054708787938054,4.6081868174952705,4.523469408043452
21.5215,2.1538632902438795,7.023450008395042,6.9607798585571015,6.878182729652312,6.496439753250668,6.044116234416187,4.595508363851656,4.507367363484099
21.6216,2.1563634259557025,7.0187004986662425,6.955296083491106,6.8729041306379495,6.490174870005811,6.035573811992505,4.582866397005547,4.4912986465107725
21.7217,2.158854895652055,7.0139657660847785,6.949832858744781,6.867237020826875,6.483932313465287,6.027059981567353,4.570261473003909,4.475261404250814
21.8218,2.161337769100018,7.009251125391512,6.9454671079371915,6.862787693893256,6.47771293962303,6.018571522342765,4.55769241050887,4.4592582520668325
21.9219,2.1638121151880885,7.004553508782009,6.941884944110611,6.8574163313016125,6.471514669902948,6.01010906262501,4.545158614333447,4.443286462201647
22.022,2.166278001941196,6.999874905174691,6.9369086502191175,6.85265867637277,6.465338229860087,6.0016731495948665,4.532661386954965,4.427346521534893
22.1221,2.1687354965353984,6.9952125389129085,6.9315239760589185,6.846857087988869,6.459182829754409,5.993262477952023,4.520199160595146,4.411439567381777
22.2222,2.1711846653122633,6.990567931327591,6.926157163015575,6.84056963834856,6.453049116374692,5.984813448379585,4.507772252264428,4.395564003522077
22.3223,2.1736255737929366,6.985940406878537,6.922354826458783,6.834579004733816,6.446937726129994,5.975265411977892,4.495379185574253,4.379718776327531
22.4224,2.17605828669192,6.981330600916655,6.918756700217699,6.8289948313405615,6.440846136274556,5.96574293778822,4.483022138207082,4.363905163344742
22.5225,2.1784828679305495,6.9767373234684245,6.912752241825324,6.823429232365994,6.434776421663153,5.956245770282792,4.470698547157946,4.3481236917230355
22.6226,2.1808993806501955,6.972160703288412,6.906735744108069,6.817882546482333,6.428725874768075,5.946772954610827,4.458408190510824,4.33237177986287
22.7227,2.1833078872251805,6.9676003879074155,6.901680043776876,6.812353758606817,6.422698153765295,5.937325275312737,4.446153351799061,4.316651674054358
22.8228,2.1857084492754333,6.963057409910809,6.8972310981180645,6.806843801229397,6.416688759600082,5.927901868735782,4.433931358381755,4.300962683285413
22.9229,2.188101127678873,6.958530915722908,6.892798924612043,6.801351564105492,6.410701330621685,5.9185026635766,4.421742095922407,4.285302940906347
23.023,2.1904859825835423,6.954019997161971,6.88838170558483,6.796973062778934,6.404732825474912,5.90912794198926,4.40752855841261,4.26967170776331
23.1231,2.1928630734194887,6.949525641491772,6.883705146254607,6.792310426799407,6.398785191381832,5.899776742592114,4.391164551697127,4.2540717301590565
23.2232,2.1952324589103998,6.945047874065861,6.878519497640725,6.786657030898275,6.392856927022798,5.890450082581363,4.37482346346824,4.238502731213708
23.3233,2.1975941970850026,6.940585707549699,6.8741169498808885,6.781019681543892,6.386948187797857,5.88114661414853,4.358509701206675,4.222963454651633
23.4234,2.199948345288233,6.936138599386278,6.869736733491286,6.777462347529977,6.381059097355589,5.871866452096012,4.342219289000148,4.207451246478188
23.5235,2.202294960192173,6.931708001085872,6.8647281740306205,6.772609918047457,6.375187915361296,5.862610151671807,4.325952627384886,4.191970504652988
23.6236,2.204634097806774,6.927292840202243,6.859225387731639,6.768516008125521,6.3693383334541,5.853376934025153,4.309708912751721,4.176516664885226
23.7237,2.20696581349036,6.92289250211607,6.8541626705892424,6.762439973771439,6.363506683617678,5.8441664104502,4.293490741760472,4.161092356566852
23.8238,2.20929016195992,6.9185079029461045,6.850105634072221,6.757725420988958,6.35769477581362,5.834979267976126,4.277297427726301,4.145696616972135
23.9239,2.2116071973012006,6.914138392698581,6.846062343247911,6.753478876998389,6.351900617776657,5.825814796396783,4.261127223542609,4.130330564053413
24.024,2.2139169729785935,6.909783813644443,6.842032918004176,6.749775724846027,6.346124029185514,5.816672065545333,4.244979352357079,4.114991088716522
24.1241,2.216219541844829,6.905445066152704,6.8380181014128185,6.745184913450195,6.340368751268147,5.807552615962759,4.228857020482822,4.0996806411092495
24.2242,2.2185149561504787,6.9011203447773894,6.834017379266955,6.739903674109799,6.334630649907369,5.798455203481054,4.212757418868144,4.084397519141149
24.3243,2.2208032675532725,6.896811060919968,6.830030206081668,6.734181940266814,6.328909404871188,5.7893804393173625,4.19667902841063,4.069142475175256
24.4244,2.2230845271272335,6.892515330407043,6.82605665270143,6.72758517222768,6.323208771720018,5.780326674938503,4.180624722878037,4.053915471296834
24.5245,2.225358785371635,6.888235111513015,6.822096781198763,6.7214701333535,6.31752430839958,5.771295648657059,4.1645967119374685,4.038715529008068
24.6246,2.2276260922197837,6.883968455121712,6.81815064458621,6.716640120209402,6.3118576556252535,5.762285345511137,4.1485872321429795,4.023544619271802
24.7247,2.229886497047635,6.879716757701476,6.814217620385081,6.711824937775519,6.30621050816776,5.753298031435809,4.132602256142816,4.008400001237946
24.8248,2.2321400486822425,6.875479143105765,6.810297724500204,6.707024836855784,6.300578094373377,5.744330542102367,4.116640945661128,3.99803866555525
24.9249,2.2343867954100443,6.871255270742766,6.806391640954181,6.702238335847485,6.294966368761098,5.735385691808013,4.100701296707917,3.9879378409410453
25.025,2.236626784984993,6.867045363036513,6.801779524263532,6.697536205523058,6.289370412662828,5.726461499240057,4.084783539019334,3.977867111259877
25.1251,2.2388600646365306,6.862850233428043,6.797659406533173,6.69308998568082,6.2837917947773745,5.717558170937513,4.068886862817901,3.9678258932930035
25.2252,2.241086681077416,6.858667706908999,6.792853757083401,6.689369247613616,6.278229846119469,5.708675792726536,4.053013094722658,3.9578135911505354
25.3253,2.2433066805113975,6.854499760743531,6.787707661539851,6.6841898362337595,6.272683831576574,5.699814320144706,4.037163466566857,3.947831088679762
25.4254,2.24552010864075,6.850345371344963,6.7825772435680145,6.6799990088583145,6.267157642948159,5.690973568476517,4.021334039775128,3.937877311091292
25.5255,2.247727010673668,6.846203462495913,6.777461622556152,6.675821402494204,6.261645830916691,5.68215229950681,4.00552369267328,3.9279521046316077
25.6256,2.249927431331517,6.842076028094106,6.772360586076387,6.671657796391629,6.256149858252765,5.673352725162536,3.989738954402578,3.9180555371318504
25.7257,2.25212141485596,6.837961342103942,6.7672746312382905,6.667508053425439,6.250673673300525,5.664572407664909,3.973974807428037,3.90818735522021
25.8258,2.2543090050159416,6.833860146701992,6.762735565825176,6.663371075498749,6.2452115183878405,5.655812413176597,3.9582316955427412,3.898347195385741
25.9259,2.2564902451145525,6.829771915067566,6.759073776890242,6.658863876509839,6.239767313901634,5.647072788762457,3.9425100611765354,3.888534991071084
26.026,2.258665177995763,6.825696737170913,6.75542508997406,6.6547443163510165,6.234337555721359,5.638353456300695,3.9268094262582505,3.878750959469698
26.1261,2.2608338460510367,6.821634694727228,6.75178933117183,6.650637733412054,6.228923660761028,5.629653184256404,3.9111298972285353,3.868994551379648
26.2262,2.2629962912258215,6.817584538908367,6.748165536173887,6.646542913434504,6.223527090674807,5.620972593541876,3.8954711601441443,3.8592650149029266
26.3263,2.2651525550259253,6.813548298505933,6.743075252954411,6.642462541675053,6.21814672433745,5.61231117192276,3.879833617258902,3.8495631214506028
26.4264,2.2673026785237753,6.809524700335355,6.737710146905387,6.6376798168272195,6.212781355822769,5.603670405832,3.864217287375522,3.8398888953636554
26.5265,2.2694467023645655,6.8055130916334745,6.732358371423413,6.632844845986714,6.207429691884282,5.595047365957456,3.8486207184195544,3.830240842262027
26.6266,2.2715846667722936,6.801514156338103,6.727019627855303,6.628023969380561,6.202095803442579,5.586444391524903,3.833045056812215,3.8206191184288607
26.7267,2.273716611555691,6.797527208690113,6.721694403229133,6.623056917384459,6.196775655918051,5.577860448961239,3.8174899969487677,3.811025074570803
26.8268,2.2758425761140466,6.793553622690544,6.716381516243716,6.617973789371849,6.191473371391718,5.569295471992331,3.8019556475737466,3.801456537014966
26.9269,2.2779625994429287,6.789591287388312,6.711159943287075,6.612904594986015,6.186184763655938,5.560749271517959,3.786440500590318,3.791914399764074
27.027,2.280076720139805,6.785641560786661,6.70725157664379,6.608497150964062,6.180911140283871,5.552221526878624,3.7709462054319154,3.782398082583778
27.1271,2.2821849764095625,6.781703686944218,6.703355872510072,6.60411692558735,6.175653849077252,5.543711776785441,3.7554723917804673,3.7729081949712717
27.2272,2.284287406069936,6.7777775964349685,6.699471758798863,6.599374278604861,6.170411345146561,5.5352219426591525,3.740017476368673,3.763443714808826
27.3273,2.286384046556835,6.77386393842909,6.696322307949874,6.594644434420893,6.1651819827299486,5.526750111713911,3.724583044774672,3.754004875284599
27.4274,2.2884749349295825,6.769961900549111,6.693203546169944,6.5903502178280124,6.159967017207847,5.518295421627791,3.709168144705612,3.7445910227107455
27.5275,2.290560107876063,6.7660713752883455,6.69009414180995,6.586062684232015,6.154767742253126,5.509859517398773,3.69377266344326,3.7352027478114307
27.6276,2.2926396017177795,6.76219299267165,6.686995352011343,6.582016747651529,6.1495854902932665,5.5014426968612264,3.678397262448667,3.7258397977360143
27.7277,2.2947134524148245,6.758325880609545,6.683906666647697,6.577290691020525,6.144415404252559,5.493042379404324,3.6630409748939736,3.7165016790313783
27.8278,2.2967816955707683,6.754469890569226,6.680827555876713,6.57257771534272,6.139258672355813,5.484661363580214,3.6477046630615204,3.7071876382587448
27.9279,2.298844366437459,6.750625630822422,6.6777583819559965,6.567876468323669,6.1341165189514975,5.476296760709766,3.632387440939304,3.697898597503668
28.028,2.3009014999197444,6.746793722268491,6.6746985942059665,6.56318908440344,6.128990204966196,5.467949783834591,3.6170884335159736,3.688634260356439
28.1281,2.302953130580116,6.742972443807007,6.671648546617245,6.558514174253215,6.122884013683923,5.459621638270834,3.601809107451395,3.67939338038505
28.2282,2.3049992926432665,6.7391615877209805,6.668608598606222,6.553918205498311,6.116391871222423,5.451310445837829,3.586549039179223,3.670177155396508
28.3283,2.3070400200005814,6.735362528093741,6.665578177005713,6.549203187754187,6.109915863023793,5.443015643061567,3.571306958327283,3.660984917748374
28.4284,2.309075346214545,6.731574261603793,6.6625576324361075,6.544565336919165,6.10345477736808,5.434739714224703,3.5560852933279796,3.6518166759579325
28.5285,2.311105304523081,6.72779736644528,6.6595463696635395,6.539941314954772,6.097003810486384,5.426478728724243,3.5408810553503343,3.6426722292936713
28.6286,2.3131299278438155,6.724031612707777,6.656543772336669,6.535328305143407,6.090568404357563,5.418236639619234,3.525696411688189,3.6335512488813153
28.7287,2.315149248778273,6.720275926835222,6.653551131427504,6.531333276239529,6.084147133154447,5.410010850018091,3.5105289092193517,3.624453320201038
28.8288,2.3171632996159985,6.716531692132205,6.650567827480597,6.527610569826197,6.077738442041199,5.4018019053153425,3.495380588532729,3.615378660107727
28.9289,2.319172112338618,6.712797807821417,6.647593219469635,6.5229968573169055,6.071344327195065,5.393610296355291,3.480251337560954,3.606327612467191
29.029,2.3211757186238255,6.709074823918643,6.6446286132752,6.518330971240923,6.064966863820229,5.385434666569741,3.4651403696886804,3.597299083696501
29.1291,2.3231741498493106,6.705362445618994,6.641530624601933,6.513678293947656,6.058600618257522,5.377277102809393,3.450045763415363,3.588294115990779
29.2292,2.325167437096618,6.701660359941975,6.637441694286708,6.509035764264793,6.052243642532146,5.369134187521263,3.434971081941122,3.5793113438095765
29.3293,2.3271556111549474,6.697969105962141,6.633363404209796,6.504623076761936,6.045905559734644,5.361009712608142,3.419914463782097,3.5703514470531426
29.4294,2.329138702524888,6.694287477484996,6.629296423119077,6.499788772584475,6.039576701286024,5.352899958733819,3.4048747487108533,3.5614138817520065
29.5295,2.3311167414220972,6.690617761313168,6.6252414349205075,6.495182043151019,6.033262875884478,5.344806719018383,3.389853300237579,3.5524978830321574
29.6296,2.333089757780918,6.686956956839797,6.621196021984665,6.49058768013993,6.026966117558872,5.3367298330432344,3.3748491289021487,3.543604966143133
29.7297,2.3350577812579374,6.6833064562021685,6.617161860236869,6.48600376802393,6.020676114884779,5.328669036626326,3.359863910125932,3.534734124265653
29.8298,2.3370208412354887,6.679665875653648,6.613138562198655,6.481432595180555,6.014402918910288,5.320653013598387,3.344895068188777,3.5258840612042754
29.9299,2.3389789668251,6.676036642575096,6.609125715922418,6.476908398269439,6.008140086928454,5.314052704610327,3.329944713734583,3.517057264758039
30.03,2.3409321868708846,6.672415608266317,6.605123962555406,6.47312332432942,6.001893732088438,5.30746608553678,3.3150125711377925,3.5082508638019347
